{"_step": 3, "cum_time": 39.155030965805054, "percentage_complete": [1.0, 1.0, 1.0], "normalized_score": -0.1795121951219512, "Episode": 2, "_timestamp": 1613621706.7857049, "score": -368.0, "time_this_iter": 13.936851978302002, "_runtime": 54.53656482696533, "reward": [-719.0, -177.0, -368.0], "time": [16.43656897544861, 5.54094386100769, 13.936851978302002], "percentage_complete_mean": 1.0, "steps_std": 70.40991091853161, "normalized_reward_std": 0.1102409841167454, "percentage_complete_std": 0.0, "reward_mean": -421.3333333333333, "steps": [192.0, 49.0, 204.0], "normalized_reward_mean": -0.2048432055749129, "normalized_reward": [-0.35073170731707315, -0.08428571428571428, -0.1795121951219512], "time_mean": 11.971454938252768, "time_std": 4.660168151643218, "reward_std": 224.4613304979031, "steps_mean": 148.33333333333334}
