{"percentage_complete": [1.0], "_runtime": 35.830052852630615, "normalized_score": -0.35073170731707315, "_timestamp": 1613720239.697254, "time_this_iter": 18.367570161819458, "_step": 1, "score": -719.0, "cum_time": 19.628220081329346, "Episode": 0, "time": [18.367570161819458], "normalized_reward_std": 0.0, "reward": [-719.0], "steps_mean": 192.0, "percentage_complete_std": 0.0, "percentage_complete_mean": 1.0, "steps_std": 0.0, "reward_std": 0.0, "reward_mean": -719.0, "time_mean": 18.367570161819458, "time_std": 0.0, "normalized_reward_mean": -0.35073170731707315, "normalized_reward": [-0.35073170731707315], "steps": [192.0]}
