{"cum_time": 39.452807903289795, "_step": 3, "_runtime": 54.496488094329834, "normalized_score": -0.1795121951219512, "time_this_iter": 14.195641994476318, "Episode": 2, "_timestamp": 1613719837.380605, "percentage_complete": [1.0, 1.0, 1.0], "score": -368.0, "percentage_complete_std": 0.0, "percentage_complete_mean": 1.0, "normalized_reward": [-0.35073170731707315, -0.08428571428571428, -0.1795121951219512], "normalized_reward_mean": -0.2048432055749129, "time_std": 4.602185004970653, "reward": [-719.0, -177.0, -368.0], "reward_std": 224.4613304979031, "reward_mean": -421.3333333333333, "time_mean": 12.176311016082764, "time": [16.52499294281006, 5.808298110961914, 14.195641994476318], "steps_mean": 148.33333333333334, "normalized_reward_std": 0.1102409841167454, "steps": [192.0, 49.0, 204.0], "steps_std": 70.40991091853161}
