{"percentage_complete": 1.0, "_timestamp": 1613717711.919497, "time_this_iter": 6.611036777496338, "score": -177.0, "_step": 1, "cum_time": 24.960623741149902, "normalized_score": -0.08428571428571428, "_runtime": 39.53141784667969, "Episode": 1}
