{"percentage_complete": 0.26666666666666666, "cum_time": 138.51961708068848, "_timestamp": 1613717892.852989, "_runtime": 152.91883611679077, "score": -9305.0, "Episode": 0, "_step": 0, "normalized_score": -0.7565040650406504, "time_this_iter": 134.35650730133057}
