{"time_this_iter": 15.453759908676147, "normalized_score": -0.3142857142857143, "cum_time": 16.01880407333374, "_runtime": 37.602967977523804, "_step": 1, "_timestamp": 1613614794.732815, "score": -649.0, "percentage_complete": [0.8], "Episode": 0, "steps": [413.0], "percentage_complete_std": 0.0, "time": [15.453759908676147], "time_std": 0.0, "reward": [-649.0], "normalized_reward_std": 0.0, "steps_mean": 413.0, "time_mean": 15.453759908676147, "reward_std": 0.0, "normalized_reward_mean": -0.3142857142857143, "percentage_complete_mean": 0.8, "normalized_reward": [-0.3142857142857143], "reward_mean": -649.0, "steps_std": 0.0}
