{"score": -1058.0, "_step": 0, "normalized_score": -0.5038095238095238, "cum_time": 13.979167938232422, "time_this_iter": 13.24976110458374, "_runtime": 40.56306719779968, "Episode": 0, "_timestamp": 1613613909.5608802, "percentage_complete": 0.6}
