{"score": -1123.0, "time_this_iter": 29.96060800552368, "_runtime": 198.3270058631897, "percentage_complete": 0.6, "cum_time": 172.91182589530945, "_step": 6, "Episode": 6, "_timestamp": 1613030294.092418, "normalized_score": -0.5478048780487805}
