{"Episode": 0, "score": -719.0, "normalized_score": -0.35073170731707315, "percentage_complete": [1.0], "time_this_iter": 17.38612985610962, "cum_time": 18.6920428276062, "_runtime": 34, "_timestamp": 1615729545, "_step": 1, "reward": [-719.0], "reward_mean": -719.0, "reward_std": 0.0, "normalized_reward": [-0.35073170731707315], "normalized_reward_mean": -0.35073170731707315, "normalized_reward_std": 0.0, "percentage_complete_mean": 1.0, "percentage_complete_std": 0.0, "steps": [192.0], "steps_mean": 192.0, "steps_std": 0.0, "time": [17.38612985610962], "time_mean": 17.38612985610962, "time_std": 0.0}