{"score": -2065.0, "time_this_iter": 12.419533014297485, "_timestamp": 1613718535.060744, "normalized_score": -1.0, "_step": 1, "cum_time": 18.00270986557007, "_runtime": 36.396892070770264, "Episode": 1, "percentage_complete": 0.0}
