{"cum_time": 23.345472812652588, "normalized_score": -0.08428571428571428, "_step": 1, "_timestamp": 1613618700.853972, "percentage_complete": 1.0, "score": -177.0, "time_this_iter": 5.619306802749634, "_runtime": 40.926448822021484, "Episode": 1}
