{"time_this_iter": 14.324042081832886, "normalized_score": -0.1795121951219512, "cum_time": 40.16276693344116, "score": -368.0, "percentage_complete": [1.0, 1.0, 1.0], "Episode": 2, "_timestamp": 1613720598.262909, "_step": 3, "_runtime": 56.299176931381226, "steps_mean": 148.33333333333334, "time_mean": 12.253785689671835, "steps": [192.0, 49.0, 204.0], "reward": [-719.0, -177.0, -368.0], "steps_std": 70.40991091853161, "time_std": 4.535732510940101, "percentage_complete_mean": 1.0, "normalized_reward": [-0.35073170731707315, -0.08428571428571428, -0.1795121951219512], "percentage_complete_std": 0.0, "time": [16.476492881774902, 5.960822105407715, 14.324042081832886], "reward_mean": -421.3333333333333, "reward_std": 224.4613304979031, "normalized_reward_std": 0.1102409841167454, "normalized_reward_mean": -0.2048432055749129}
