{"Episode": 0, "normalized_score": -0.09619047619047619, "_step": 1, "time_this_iter": 2.969481945037842, "cum_time": 3.5573151111602783, "_timestamp": 1613614581.9837492, "percentage_complete": [1.0], "score": -202.0, "_runtime": 24.322720050811768, "percentage_complete_std": 0.0, "normalized_reward_std": 0.0, "percentage_complete_mean": 1.0, "steps_std": 0.0, "normalized_reward": [-0.09619047619047619], "reward_mean": -202.0, "reward": [-202.0], "reward_std": 0.0, "time_mean": 2.969481945037842, "time_std": 0.0, "normalized_reward_mean": -0.09619047619047619, "steps": [53.0], "time": [2.969481945037842], "steps_mean": 53.0}
