{"Episode": 2, "score": -368.0, "percentage_complete": [1.0, 1.0, 1.0], "_step": 3, "time_this_iter": 15.498715877532959, "normalized_score": -0.1795121951219512, "_timestamp": 1613721317.9958148, "cum_time": 42.31722807884216, "_runtime": 59.02117085456848, "steps_std": 70.40991091853161, "percentage_complete_std": 0.0, "time_mean": 12.925536632537842, "normalized_reward": [-0.35073170731707315, -0.08428571428571428, -0.1795121951219512], "normalized_reward_mean": -0.2048432055749129, "reward": [-719.0, -177.0, -368.0], "reward_mean": -421.3333333333333, "percentage_complete_mean": 1.0, "reward_std": 224.4613304979031, "steps_mean": 148.33333333333334, "steps": [192.0, 49.0, 204.0], "normalized_reward_std": 0.1102409841167454, "time_std": 4.5242776909375175, "time": [16.712180137634277, 6.565713882446289, 15.498715877532959]}
