{"cum_time": 12.794111967086792, "time_this_iter": 12.150674104690552, "_runtime": 30.62284517288208, "_timestamp": 1613614947.037199, "Episode": 0, "percentage_complete": [0.8], "_step": 1, "normalized_score": -0.3670702179176755, "score": -758.0, "reward": [-758.0], "reward_std": 0.0, "time_mean": 12.150674104690552, "time": [12.150674104690552], "normalized_reward_std": 0.0, "percentage_complete_std": 0.0, "steps": [413.0], "time_std": 0.0, "normalized_reward": [-0.3670702179176755], "reward_mean": -758.0, "percentage_complete_mean": 0.8, "normalized_reward_mean": -0.3670702179176755, "steps_mean": 413.0, "steps_std": 0.0}
