{"normalized_score": -0.1795121951219512, "Episode": 2, "_timestamp": 1613617969.162535, "_step": 3, "percentage_complete": [1.0, 1.0, 1.0], "time_this_iter": 13.018114805221558, "_runtime": 71.62899994850159, "cum_time": 50.5651741027832, "score": -368.0, "time_std": 8.752225638734831, "percentage_complete_mean": 1.0, "steps_mean": 148.33333333333334, "reward": [-719.0, -177.0, -368.0], "percentage_complete_std": 0.0, "normalized_reward": [-0.35073170731707315, -0.08428571428571428, -0.1795121951219512], "steps_std": 70.40991091853161, "time": [26.91342806816101, 5.827286958694458, 13.018114805221558], "steps": [192.0, 49.0, 204.0], "normalized_reward_mean": -0.2048432055749129, "time_mean": 15.252943277359009, "reward_std": 224.4613304979031, "normalized_reward_std": 0.1102409841167454, "reward_mean": -421.3333333333333}
