{"_step": 1, "score": -177.0, "_timestamp": 1613719302.226312, "_runtime": 39.96857404708862, "normalized_score": -0.08428571428571428, "time_this_iter": 6.645002841949463, "cum_time": 25.760751962661743, "percentage_complete": 1.0, "Episode": 1}
