{"score": -368.0, "cum_time": 40.11016607284546, "_timestamp": 1613719393.081635, "percentage_complete": [1.0, 1.0, 1.0], "_runtime": 54.940308809280396, "Episode": 2, "normalized_score": -0.1795121951219512, "_step": 3, "time_this_iter": 14.196690082550049, "steps_mean": 148.33333333333334, "time_std": 4.604600911324473, "normalized_reward": [-0.35073170731707315, -0.08428571428571428, -0.1795121951219512], "normalized_reward_mean": -0.2048432055749129, "reward_std": 224.4613304979031, "reward_mean": -421.3333333333333, "reward": [-719.0, -177.0, -368.0], "percentage_complete_std": 0.0, "normalized_reward_std": 0.1102409841167454, "time": [16.79893684387207, 5.993508815765381, 14.196690082550049], "steps_std": 70.40991091853161, "steps": [192.0, 49.0, 204.0], "time_mean": 12.3297119140625, "percentage_complete_mean": 1.0}
