{"_step": 3, "_runtime": 56.63312792778015, "_timestamp": 1613720012.192343, "percentage_complete": [1.0, 1.0, 1.0], "time_this_iter": 14.744333267211914, "normalized_score": -0.1795121951219512, "score": -368.0, "Episode": 2, "cum_time": 40.03393220901489, "normalized_reward_std": 0.1102409841167454, "reward": [-719.0, -177.0, -368.0], "normalized_reward_mean": -0.2048432055749129, "time": [16.448251724243164, 5.896022081375122, 14.744333267211914], "time_std": 4.6253588375562735, "steps_std": 70.40991091853161, "reward_mean": -421.3333333333333, "percentage_complete_mean": 1.0, "normalized_reward": [-0.35073170731707315, -0.08428571428571428, -0.1795121951219512], "steps": [192.0, 49.0, 204.0], "percentage_complete_std": 0.0, "time_mean": 12.362869024276733, "reward_std": 224.4613304979031, "steps_mean": 148.33333333333334}
