{"_step": 3, "percentage_complete": [1.0, 1.0, 1.0], "cum_time": 37.71269392967224, "Episode": 2, "score": -368.0, "normalized_score": -0.1795121951219512, "_timestamp": 1613618324.2614248, "_runtime": 54.494855880737305, "time_this_iter": 12.931370973587036, "normalized_reward": [-0.35073170731707315, -0.08428571428571428, -0.1795121951219512], "steps_std": 70.40991091853161, "reward_mean": -421.3333333333333, "steps": [192.0, 49.0, 204.0], "time": [15.390620946884155, 5.726294040679932, 12.931370973587036], "percentage_complete_mean": 1.0, "reward_std": 224.4613304979031, "steps_mean": 148.33333333333334, "reward": [-719.0, -177.0, -368.0], "normalized_reward_std": 0.1102409841167454, "percentage_complete_std": 0.0, "time_std": 4.10095190291575, "time_mean": 11.349428653717041, "normalized_reward_mean": -0.2048432055749129}
