{"_timestamp": 1613719176.084075, "Episode": 1, "_runtime": 266.8591248989105, "score": -10352.0, "normalized_score": -0.8416260162601626, "cum_time": 249.09699082374573, "time_this_iter": 108.50135111808777, "percentage_complete": 0.2, "_step": 1}
