{"normalized_score": -0.25617433414043583, "_timestamp": 1613614698.461427, "_step": 1, "time_this_iter": 6.367635011672974, "percentage_complete": [1.0], "cum_time": 6.931089878082275, "_runtime": 27.851232051849365, "score": -529.0, "Episode": 0, "normalized_reward": [-0.25617433414043583], "reward_mean": -529.0, "steps_std": 0.0, "steps": [238.0], "time_std": 0.0, "time_mean": 6.367635011672974, "percentage_complete_std": 0.0, "time": [6.367635011672974], "normalized_reward_std": 0.0, "steps_mean": 238.0, "percentage_complete_mean": 1.0, "reward_std": 0.0, "reward": [-529.0], "normalized_reward_mean": -0.25617433414043583}
