{"normalized_score": -0.6242857142857143, "percentage_complete": 0.4, "time_this_iter": 26.814744234085083, "_step": 8, "_runtime": 233.4967520236969, "_timestamp": 1613616635.695771, "score": -1311.0, "Episode": 8, "cum_time": 211.36483716964722}
