{"score": -588.0, "time_this_iter": 7.114216089248657, "_timestamp": 1613717563.64891, "percentage_complete": [0.8], "_runtime": 26.49234700202942, "cum_time": 7.416165113449097, "normalized_score": -0.28, "Episode": 0, "_step": 1, "steps_mean": 420.0, "time": [7.114216089248657], "time_mean": 7.114216089248657, "percentage_complete_std": 0.0, "normalized_reward": [-0.28], "normalized_reward_std": 0.0, "steps_std": 0.0, "reward_mean": -588.0, "reward": [-588.0], "normalized_reward_mean": -0.28, "percentage_complete_mean": 0.8, "steps": [420.0], "reward_std": 0.0, "time_std": 0.0}
