{"_runtime": 31.663081169128418, "_timestamp": 1613720116.935673, "_step": 1, "score": -719.0, "Episode": 0, "cum_time": 17.155842781066895, "time_this_iter": 15.848168849945068, "percentage_complete": [1.0], "normalized_score": -0.35073170731707315, "reward_mean": -719.0, "reward": [-719.0], "steps_mean": 192.0, "time": [15.848168849945068], "normalized_reward_mean": -0.35073170731707315, "time_std": 0.0, "normalized_reward": [-0.35073170731707315], "normalized_reward_std": 0.0, "percentage_complete_std": 0.0, "steps": [192.0], "time_mean": 15.848168849945068, "percentage_complete_mean": 1.0, "steps_std": 0.0, "reward_std": 0.0}
