{"cum_time": 35.232460021972656, "_runtime": 54.10874533653259, "normalized_score": -0.11138014527845036, "Episode": 4, "score": -230.0, "percentage_complete": [0.4, 1.0, 0.8, 0.8, 1.0], "_step": 5, "time_this_iter": 1.701988935470581, "_timestamp": 1613718431.1823192, "time_mean": 6.779356384277344, "time_std": 3.6535539488569975, "normalized_reward_std": 0.2623343627190685, "normalized_reward_mean": -0.3507963542589421, "steps_std": 147.767926154494, "normalized_reward": [-0.8224390243902439, -0.12238095238095238, -0.27095238095238094, -0.4268292682926829, -0.11138014527845036], "steps_mean": 294.2, "time": [10.059881925582886, 3.0429890155792236, 10.22865080833435, 8.863271236419678, 1.701988935470581], "reward": [-1686.0, -257.0, -569.0, -875.0, -230.0], "steps": [410.0, 152.0, 420.0, 410.0, 79.0], "percentage_complete_std": 0.21908902300206645, "percentage_complete_mean": 0.8, "reward_mean": -723.4, "reward_std": 535.6105301429388}
