{"_step": 0, "percentage_complete": 1.0, "cum_time": 10.186532974243164, "_runtime": 29.6091730594635, "_timestamp": 1613614050.638793, "score": -539.0, "normalized_score": -0.26101694915254237, "Episode": 0, "time_this_iter": 9.32276701927185}
