{"percentage_complete": 1.0, "score": -177.0, "_step": 1, "_runtime": 56.86195421218872, "Episode": 1, "time_this_iter": 5.976834058761597, "_timestamp": 1613616308.58591, "normalized_score": -0.08428571428571428, "cum_time": 32.5489718914032}
