{"normalized_score": -0.7565040650406504, "percentage_complete": [0.26666666666666666], "Episode": 0, "cum_time": 153.05067777633667, "score": -9305.0, "time_this_iter": 144.01585292816162, "_runtime": 176.71580624580383, "_step": 1, "_timestamp": 1613617533.058073, "normalized_reward_mean": -0.7565040650406504, "reward": [-9305.0], "time_mean": 144.01585292816162, "time_std": 0.0, "reward_mean": -9305.0, "steps_mean": 820.0, "steps_std": 0.0, "normalized_reward_std": 0.0, "reward_std": 0.0, "steps": [820.0], "normalized_reward": [-0.7565040650406504], "percentage_complete_mean": 0.26666666666666666, "percentage_complete_std": 0.0, "time": [144.01585292816162]}
