{"_runtime": 54.36880302429199, "normalized_score": -0.1795121951219512, "Episode": 2, "_timestamp": 1613618073.548003, "score": -368.0, "time_this_iter": 13.020848751068115, "cum_time": 38.36952185630798, "percentage_complete": [1.0, 1.0, 1.0], "_step": 3, "time_std": 4.226103849981863, "reward_std": 224.4613304979031, "percentage_complete_std": 0.0, "time": [16.108417987823486, 6.007766008377075, 13.020848751068115], "normalized_reward_mean": -0.2048432055749129, "reward_mean": -421.3333333333333, "normalized_reward": [-0.35073170731707315, -0.08428571428571428, -0.1795121951219512], "reward": [-719.0, -177.0, -368.0], "time_mean": 11.71234424908956, "percentage_complete_mean": 1.0, "steps_mean": 148.33333333333334, "normalized_reward_std": 0.1102409841167454, "steps_std": 70.40991091853161, "steps": [192.0, 49.0, 204.0]}
