{"normalized_score": -0.6912195121951219, "score": -1417.0, "time_this_iter": 10.10826301574707, "_timestamp": 1613615075.9492328, "_runtime": 30.39330267906189, "percentage_complete": [0.6], "_step": 1, "Episode": 0, "cum_time": 10.588604927062988, "reward_mean": -1417.0, "normalized_reward": [-0.6912195121951219], "reward_std": 0.0, "time_std": 0.0, "percentage_complete_std": 0.0, "reward": [-1417.0], "normalized_reward_mean": -0.6912195121951219, "steps": [410.0], "time": [10.10826301574707], "normalized_reward_std": 0.0, "percentage_complete_mean": 0.6, "steps_std": 0.0, "time_mean": 10.10826301574707, "steps_mean": 410.0}
