{"_step": 1, "cum_time": 8.806058883666992, "_timestamp": 1613614357.867562, "_runtime": 32.051656007766724, "time_this_iter": 8.230118989944458, "Episode": 0, "percentage_complete": [1.0], "score": -832.0, "normalized_score": -0.40290556900726393, "normalized_reward": [-0.40290556900726393], "steps": [339.0], "reward": [-832.0], "reward_mean": -832.0, "time_std": 0.0, "time_mean": 8.230118989944458, "steps_std": 0.0, "percentage_complete_mean": 1.0, "normalized_reward_mean": -0.40290556900726393, "time": [8.230118989944458], "steps_mean": 339.0, "normalized_reward_std": 0.0, "percentage_complete_std": 0.0, "reward_std": 0.0}
