{"percentage_complete": [1.0], "time_this_iter": 18.67445182800293, "normalized_score": -0.35073170731707315, "cum_time": 20.29967474937439, "_runtime": 34.298465967178345, "_step": 1, "_timestamp": 1613720369.35309, "score": -719.0, "Episode": 0, "time_std": 0.0, "percentage_complete_std": 0.0, "time_mean": 18.67445182800293, "normalized_reward_mean": -0.35073170731707315, "percentage_complete_mean": 1.0, "steps_std": 0.0, "reward_std": 0.0, "normalized_reward": [-0.35073170731707315], "reward_mean": -719.0, "steps": [192.0], "time": [18.67445182800293], "steps_mean": 192.0, "normalized_reward_std": 0.0, "reward": [-719.0]}
