{"percentage_complete": [1.0, 1.0, 1.0], "normalized_score": -0.1795121951219512, "time_this_iter": 15.906751871109009, "_runtime": 58.43001699447632, "_timestamp": 1613622023.4271271, "Episode": 2, "cum_time": 42.75710892677307, "_step": 3, "score": -368.0, "normalized_reward_std": 0.1102409841167454, "reward_mean": -421.3333333333333, "percentage_complete_std": 0.0, "time_mean": 12.996981223424276, "time": [16.55357003211975, 6.530621767044067, 15.906751871109009], "steps_mean": 148.33333333333334, "steps": [192.0, 49.0, 204.0], "reward_std": 224.4613304979031, "normalized_reward": [-0.35073170731707315, -0.08428571428571428, -0.1795121951219512], "steps_std": 70.40991091853161, "time_std": 4.580025247215103, "normalized_reward_mean": -0.2048432055749129, "percentage_complete_mean": 1.0, "reward": [-719.0, -177.0, -368.0]}
